[
  {
    "id": 1,
    "product": "T-shirt",
    "size": "M",
    "price": 300,
    "qty": 1,
    "img": "./img/img1.jpg"
  },
  {
    "id": 2,
    "product": "shirt",
    "size": "xxl",
    "price": 500,
    "qty": 1,
    "img": "./img/img2.jpg"
  },
  {
    "id": 3,
    "product": "T-shirt",
    "size": "xl",
    "price": 680,
    "qty": 1,
    "img": "./img/img3.jpg"
  },
  {
    "id": 4,
    "product": "shirt",
    "size": "XXl",
    "price": 500,
    "qty": 1,
    "img": "./img/img4.jpg"
  },
  {
    "id": 5,
    "product": "jeans",
    "size": "30",
    "price": 1500,
    "qty": 1,
    "img": "./img/img5.jpg"
  },
  {
    "id": 6,
    "product": "jeans",
    "size": "40",
    "price": 3000,
    "qty": 1,
    "img": "./img/img6.jpg"
  }
]
